name,otherName,years,location,website,youtube,vimeo,twitch,facebook,twitter,instagram,publicEmail,slug,username,isRemote
Timothy Hyunsoo Lee,Timmy Lee,,,,,,,,,,,,,
Jaikwon Myung,Jaikwon Myung,,,,,,,,,,,,,
Owen Planchart,Owen Planchart,,,,,,,,,,,,,
Mirko Febbo,Mirko Febbo,,,,,,,,,,,,,
Pietro Bardini,Pietro Bardini,,,,,,,,,,,,,
Felix Loftus,Felix Loftus,,,,,,,,,,,,,
Yu Hsuan Liao,Yu Hsuan Liao,,,,,,,,,,,,,
Chris Newth,Chris Newth,,,,,,,,,,,,,
Lou Terry,Lou Terry,,,,,,,,,,,,,
Yishuai Zhang,Yishuai,,,,,,,,,,,,,
Ho Yin Wong,Ho Yin,,,,,,,,,,,,,
Armando González Sosto,Armando González Sosto,,,,,,,,,,,,,
Jess Gould,JG Legion,,,,,,,,,,,,,
Eden Chahal,Eden Chahal,,,,,,,,,,,,,
Akinsola Lawanson,Akinsola Lawanson,,,,,,,,,,,,,
Harry Wakeling,Harry Wakeling,,,,,,,,,,,,,
James Lawton,James Lawton,,,,,,,,,,,,,
Jonas Grünwald,Jonas Grünwald,,,,,,,,,,,,,
Max Jala,Max Jala,,,,,,,,,,,,,
Jinyuan Li,Jinyuan Li,,,,,,,,,,,,,
Haotong Qu,Haotong Qu,,,,,,,,,,,,,
Ngoc Vo,Ngoc Vo,,,,,,,,,,,,,
Robert Hillson,Robert Hillson,,,,,,,,,,,,,
George Micah Kuhn,George Micah Kuhn,,,,,,,,,,,,,
Maite de Orbe,Maite de Orbe,,,,,,,,,,,,,
Alexander MacKinnon,Alexander MacKinnon,,,,,,,,,,,,,
Sai ,Shai Rapoport,,,,,,,,,,,,,
Yu Li,Betty Li,,,,,,,,,,,,,
Zhichen Gu,Zhichen Gu,,,,,,,,,,,,,
Hannah,Hannah,,,,,,,,,,,,,
Cheng Yang,Cheng Yang,,,,,,,,,,,,,
Camila Colussi,Camila Colussi,,,,,,,,,,,,,
Hankun Yu,Hankun Yu,,,,,,,,,,,,,
Hankun Yu,Hankun Yu,,,,,,,,,,,,,
Yundan Qiu,Yundan Qiu,,,,,,,,,,,,,
Marisa Di Monda,Marisa Di Monda,,,,,,,,,,,,,
Katie Tindle,Katie Tindle,,,,,,,,,,,,,
Catarina Rodrigues,Catarina Rodrigues,,,,,,,,,,,,,
Mengdi Li,Mengdi Li,,,,,,,,,,,,,
Alexander Velderman,Alexander Velderman,,,,,,,,,,,,,
Hongye Jiang,HumYeh,,,,,,,,,,,,,
kristine hillquist,kris cirkuit,,,,,,,,,,,,,
Kerrie O'Leary,Kerrie O'Leary,,,,,,,,,,,,,
Eleanor Edwards,Eleanor Edwards,,,,,,,,,,,,,
Noa Geras,Noa Geras,,,,,,,,,,,,,
Karen Okpoti,Karen Okpoti,,,,,,,,,,,,,
Nathan Adams,with.lasers,,,,,,,,,,,,,
Jingyi Chen,Jingyi Chen,,,,,,,,,,,,,
Xinyu Sun,Xinyu Sun,,,,,,,,,,,,,
Chaojing Li,Chaojing Li,,,,,,,,,,,,,
Marlena Kepa,Marlena Kepa,,,,,,,,,,,,,
Xi Sun,Xi Sun,,,,,,,,,,,,,
Rita Cabrito,Rita Cabrito,,,,,,,,,,,,,
Catherine Chapman,Catherine Chapman,,,,,,,,,,,,,
Seyeon Park ,Seyeon Park ,,,,,,,,,,,,,
Renato CORREA DE SAMPAIO,Renato CORREA DE SAMPAIO,,,,,,,,,,,,,
Yuqian Sun,Yuqian Sun,,,,,,,,,,,,,
Yuting Zhu,Yuting Zhu,,,,,,,,,,,,,
Alexandra Pfammatter,Alexandra Pfammatter,,,,,,,,,,,,,
Siyuan Wu,Siyuan Wu,,,,,,,,,,,,,
Qike Shi,Qike Shi,,,,,,,,,,,,,
Samuel Turner,Samuel Turner,,,,,,,,,,,,,
Yue Chen,Yue Chen,,,,,,,,,,,,,